{
   "gml_Object_obj_CHAPTER_SELECT_Create_0_0": "هل تريد البدء من الفصل 1؟?",
   "gml_Object_obj_CHAPTER_SELECT_Create_0_1": "نعم",
   "gml_Object_obj_CHAPTER_SELECT_Create_0_2": "لا",
   "gml_Object_obj_CHAPTER_SELECT_Create_0_3": "اكمل من الفصل ",
   "gml_Object_obj_CHAPTER_SELECT_Create_0_4": "?",
   "gml_Object_obj_CHAPTER_SELECT_Create_0_5": "فصب ",
   "gml_Object_obj_CHAPTER_SELECT_Create_0_6": " تم اختيار الفصل .",
   "gml_Object_obj_CHAPTER_SELECT_Create_0_7": "لعب الفصل {0}",
   "gml_Object_obj_CHAPTER_SELECT_Create_0_8": "اختيار الفصل",
   "gml_Object_obj_CHAPTER_SELECT_Create_0_9": "تم العثور على ملف الحفظ.\nتحميل هذا الحفظ؟\n(سيتم السؤال مرة واحدة فقط.)",
   "gml_Object_obj_CHAPTER_SELECT_Create_0_10": "الاكمال بدون التحميل؟",
   "gml_GlobalScript_scr_init_0": "البداية",
   "gml_GlobalScript_scr_init_1": "العالم الرقمي",
   "gml_GlobalScript_scr_init_2": "منتصف الليل",
   "gml_GlobalScript_scr_init_3": "النبوئة",
   "gml_GlobalScript_scr_init_4": "- -",
   "gml_GlobalScript_scr_init_6": "دلتارون",
   "gml_Object_obj_screen_select_footer_Create_0_0": "الاعدادات",
   "gml_Object_obj_screen_select_footer_Create_0_1": "خروج",
   "gml_Object_obj_ui_chapter_Create_0_0": "الفصل ",
   "gml_Object_obj_ui_chapter_Create_0_1": "لعب",
   "gml_Object_obj_ui_chapter_Create_0_2": "لا تلعب",
   "gml_Object_obj_ui_version_Create_0_0": "حقوق توبي فوكس 2018-2025",
   "gml_Object_obj_ui_version_Create_0_1": "دلتارون ",
   "gml_Object_obj_ui_version_Draw_0_1": "اصدار اللعبة - {0}",
   "gml_Object_obj_screen_loading_Create_0_0": "تحميل\nالفصل {0}",
   "gml_Object_obj_screen_loading_Create_0_1": "تنزيل\nالفصل\nالمختار",
   "obj_lang_settings_0_0": "اللغة",
   "obj_lang_settings_1_0": "اعدادات اللغة",
   "obj_lang_settings_2_0": "عودة",
   "obj_lang_settings_3_0": "نعم",
   "obj_lang_settings_4_0": "لا",
   "obj_lang_settings_5_0": "اللغة",
   "obj_lang_settings_6_0": "الوضع الخاص",
   "obj_lang_settings_7_0": "دبلجة الاصوات",
   "obj_lang_settings_8_0": "ايقاف الوضع الخاص\nالوصف (\n)",
   "obj_lang_settings_9_0": "تشغيل الوضع الخاص\nالوصف (\n)",
   "obj_lang_settings_10_0": "اصدار الترجمة الحالي - {0}; احدث اصدار متاح - {1}", 
   "obj_gamecontroller_Draw_73_1_0": "تم العثور على اصدار جديد {0} من الترجمة.\nاصدارك الحالي هو {1}.\nاضغط [G] لتحميل النسخة الجديدة",
   "obj_gamecontroller_Draw_73_2_0": "العثور على اصدار جديد {0} من دلتارون.\nاصدارك الحالي هو {1}.\nينصح بالتحديث\nمن خلال اداة التحميل",
   "obj_gamecontroller_Draw_73_3_0": "لاغلاق الصفحة اضغط: [P]",
   "obj_gamecontroller_Draw_73_4_0": "تم التحديث بنجاح الى الاصدار رقم {0}.\nاستمتع باللعب",
   "obj_gamecontroller_Draw_73_4_1": "حدث خطأ\nHTTP error - {0}.",
   "obj_gamecontroller_Draw_73_5_0": "جار التحميل", 
   "obj_gamecontroller_Draw_73_6_0": "تم التحميل {0}",
   "obj_gamecontroller_Create_1_0": "التغيريات اضغط [Q] لعرض المزيد\n",
   "obj_gamecontroller_Create_2_0": "التغيرات اضغط [Q] للاغلاق\n"
}